"KeyResult","ObjectiveName","PeriodName","SquadName","Confidence","Progress","P0","C0","P1","C1","P2","C2","P3","C3","P4","C4","P5","C5","P6","C6","P7","C7","P8","C8","P9","C9","P10","C10","P11","C11","P12","C12"
"100% of Arkessa SIMs are visible and manageable in SIMPro","All Arkessa SIMs managed in Emport are represented in SIMPro","FY26.Q4","Zerogravity","0%","50%","0%","0%","0%","0%",,,"0%","85%","0%","90%","0%","90%","0%","90%","0%","90%","50%","90%","50%","90%","50%","90%","50%","90%","50%","0%"
"≥10% of Arkessa accounts log into SIMPro and complete a SIM management action","All Arkessa SIMs managed in Emport are represented in SIMPro","FY26.Q4","Zerogravity","0%","50%","0%","0%","0%","0%",,,"0%","85%","0%","90%","0%","90%","0%","90%","0%","90%","50%","93%","50%","93%","50%","93%","50%","93%","50%","0%"
"≤5% of Arkessa support tickets relate to SIMPro onboarding issues","All Arkessa SIMs managed in Emport are represented in SIMPro","FY26.Q4","Zerogravity","0%","50%","0%","0%","0%","0%",,,"0%","75%","0%","85%","0%","85%","0%","85%","0%","85%","50%","85%","50%","85%","50%","85%","50%","85%","50%","0%"
"At least one automated bill run is executed in production for evaluation within the quarter","Automated billing with caps and alerts is live for existing customers","FY26.Q4","Orion","100%","50%","0%","0%","0%","0%",,,"10%","60%","10%","60%","10%","60%","50%","100%","50%","100%","50%","100%","50%","100%","50%","100%","50%","100%","50%","100%"
"≥1 existing customer configures and triggers a cap or alert in production","Automated billing with caps and alerts is live for existing customers","FY26.Q4","Orion","70%","50%","0%","0%","0%","0%",,,"20%","80%","20%","80%","30%","80%","30%","75%","30%","75%","40%","75%","40%","75%","50%","70%","50%","70%","50%","70%"
"Primary database growth rate maintained < 20 % month-on-month","Billing data storage is optimised through compliant archiving of historical data","FY26.Q4","Interstellar","80%","83%","0%","0%","0%","0%",,,"0%","80%","22%","80%","28%","80%","50%","80%","50%","80%","58%","80%","58%","80%","66%","80%","66%","80%","83%","80%"
"100% of Conexa authentication flows use standardised, secure core access controls","Conexa services access the core through secure, scalable, and automation-ready controls","FY26.Q4","Titan","30%","20%","0%","0%","0%","0%",,,"0%","0%","0%","0%","0%","0%","20%","60%","20%","60%","20%","30%","20%","30%","20%","30%","20%","30%","20%","30%"
"SIM orders for Nokia subscribers use standard stock interfaces, with ≥3 deployable product templates","Conexa services access the core through secure, scalable, and automation-ready controls","FY26.Q4","Titan","30%","0%","0%","0%","0%","0%",,,"0%","0%","0%","0%","0%","0%","0%","65%","0%","65%","0%","30%","0%","30%","0%","30%","0%","30%","0%","30%"
"AUC subscriber profiles are automatically loaded into the core from manufacturing inputs with ≥99% processing success","Conexa services access the core through secure, scalable, and automation-ready controls","FY26.Q4","Titan","30%","21%","0%","0%","0%","0%",,,"0%","0%","0%","0%","0%","0%","21%","50%","21%","50%","21%","30%","21%","30%","21%","30%","21%","30%","21%","30%"
"100% of messaging and real-time charging mechanisms have documented integration contracts shared with integration squads","Core messaging, charging, provisioning, and IP management services are ready for scalable platform integration","FY26.Q4","Titan","85%","70%","0%","0%","0%","0%",,,"0%","0%","0%","0%","0%","0%","70%","85%","70%","85%","70%","85%","70%","85%","70%","85%","70%","85%","70%","85%"
"Core service boundaries are vendor-independent, with 100% of interaction points documented via APIs for implementation squads","Core messaging, charging, provisioning, and IP management services are ready for scalable platform integration","FY26.Q4","Titan","90%","70%","0%","0%","0%","0%",,,"0%","0%","0%","0%","0%","0%","70%","90%","70%","90%","70%","90%","70%","90%","70%","90%","70%","90%","70%","90%"
"A repeatable IP management model reduces private IP wastage by >60% across activated subscribers","Core messaging, charging, provisioning, and IP management services are ready for scalable platform integration","FY26.Q4","Titan","98%","80%","0%","0%","0%","0%",,,"0%","0%","0%","0%","0%","0%","80%","98%","80%","98%","80%","98%","80%","98%","80%","98%","80%","98%","80%","98%"
"99.5% of alerts are delivered within 10 minutes of threshold breach","Customers actively control SIM usage to prevent unexpected charges","FY26.Q4","Polaris","100%","95%","0%","0%","0%","0%",,,"0%","0%","45%","79%","45%","79%","67%","78%","67%","78%","67%","78%","67%","78%","95%","100%","95%","100%","95%","100%"
"99.5% of caps are enforced within 10 minutes of threshold breach","Customers actively control SIM usage to prevent unexpected charges","FY26.Q4","Polaris","97%","99%","0%","0%","0%","0%",,,"0%","0%","11%","71%","11%","71%","65%","77%","65%","77%","65%","77%","65%","77%","99%","97%","99%","97%","99%","97%"
"p95 rule evaluation latency is <200ms","Customers actively control SIM usage to prevent unexpected charges","FY26.Q4","Polaris","100%","100%","0%","0%","0%","0%",,,"0%","0%","67%","87%","67%","87%","100%","100%","100%","100%","100%","100%","100%","100%","100%","100%","100%","100%","100%","100%"
"≥10 customers create a cap or alert covering multiple SIMs","Customers actively control SIM usage to prevent unexpected charges","FY26.Q4","Polaris","98%","77%","0%","0%","0%","0%",,,"0%","0%","19%","62%","19%","62%","70%","78%","70%","78%","70%","78%","70%","78%","77%","98%","77%","98%","77%","98%"
"≥20 documented components support Q4/Q1 product roadmaps","Established design standards are applied consistently across product teams","FY26.Q4","Prometheus","97%","81%","0%","0%","0%","0%",,,"0%","0%","43%","96%","65%","97%","76%","99%","76%","99%","76%","99%","81%","97%","81%","97%","81%","97%","81%","97%"
"≥10 example pages clearly demonstrate component usage and intent","Established design standards are applied consistently across product teams","FY26.Q4","Prometheus","84%","58%","0%","0%","0%","0%",,,"0%","0%","31%","70%","38%","76%","45%","71%","45%","71%","45%","71%","58%","84%","58%","84%","58%","84%","58%","84%"
"≥6 foundational design guidelines are documented and published","Established design standards are applied consistently across product teams","FY26.Q4","Prometheus","82%","25%","0%","0%","0%","0%",,,"0%","0%","5%","93%","13%","97%","18%","67%","18%","67%","18%","67%","25%","82%","25%","82%","25%","82%","25%","82%"
"100% of released components are synchronised with the Figma library","Established design standards are applied consistently across product teams","FY26.Q4","Prometheus","100%","100%","0%","0%","0%","0%",,,"0%","0%","60%","97%","73%","97%","94%","99%","94%","99%","94%","99%","100%","100%","100%","100%","100%","100%","100%","100%"
"≥2 external developers authenticate and successfully call live production APIs without Nebula support","External developers can integrate with the platform independently and in production","FY26.Q4","Nebula","85%","0%","0%","85%","0%","85%",,,"0%","85%","0%","85%","0%","85%","0%","85%","0%","85%","0%","85%","0%","85%","0%","85%","0%","85%","0%","85%"
"≥2 product squads publish and manage APIs end-to-end via the self-service workflow","External developers can integrate with the platform independently and in production","FY26.Q4","Nebula","75%","50%","0%","75%","0%","75%",,,"0%","75%","0%","75%","0%","75%","0%","75%","0%","75%","0%","75%","50%","75%","50%","75%","50%","75%","50%","75%"
"API Gateway meets Gold service criteria for availability, security, and observability","External developers can integrate with the platform independently and in production","FY26.Q4","Nebula","80%","80%","0%","80%","0%","80%",,,"0%","80%","0%","80%","0%","80%","0%","80%","0%","80%","0%","80%","0%","80%","0%","80%","80%","80%","80%","80%"
"Developer Portal meets Bronze service criteria and is primary doc source for 100% of published APIs","External developers can integrate with the platform independently and in production","FY26.Q4","Nebula","85%","80%","0%","85%","0%","85%",,,"0%","85%","0%","85%","0%","85%","0%","85%","0%","85%","0%","85%","30%","85%","30%","85%","80%","85%","80%","85%"
"WL Benelux “Bolt” consumes Kheiron consumption data via the platform API in production","Kheiron consumption data is available through a stable, reusable platform API","FY26.Q4","Orion","100%","90%","0%","0%","0%","0%",,,"25%","100%","25%","100%","50%","100%","65%","100%","65%","100%","90%","100%","90%","100%","90%","100%","90%","100%","90%","100%"
"100% of Feb 2026 billrun complete within end of the month","Monthly billing runs are reliable and predictable, protecting revenue and tenant operations","FY26.Q4","Interstellar","90%","95%","0%","90%","0%","90%",,,"0%","90%","77%","90%","88%","90%","88%","90%","88%","90%","95%","90%","95%","90%","95%","90%","95%","90%","95%","90%"
"100% of Mar 2026 billrun complete within end of the month ","Monthly billing runs are reliable and predictable, protecting revenue and tenant operations","FY26.Q4","Interstellar","90%","100%","0%","90%","0%","90%",,,"0%","90%","0%","90%","0%","90%","33%","90%","33%","90%","50%","90%","50%","90%","100%","90%","100%","90%","100%","90%"
"100% of Apr 2026 billrun complete within end of the month","Monthly billing runs are reliable and predictable, protecting revenue and tenant operations","FY26.Q4","Interstellar","90%","40%","0%","90%","0%","90%",,,"0%","90%","0%","90%","0%","90%","0%","90%","0%","90%","0%","90%","0%","90%","16%","90%","16%","90%","40%","90%"
"100% of Nebula-owned new services meet or exceed agreed availability SLOs for the full quarter","Nebula services are production-grade and operationally mature","FY26.Q4","Nebula","70%","100%","0%","70%","0%","70%",,,"0%","70%","40%","70%","40%","70%","50%","70%","50%","70%","50%","70%","80%","70%","100%","70%","100%","70%","100%","70%"
"100% of on-call incidents have a discoverable runbook, reviewed during incident review to support faster recovery","Nebula services are production-grade and operationally mature","FY26.Q4","Nebula","90%","100%","0%","90%","0%","90%",,,"0%","90%","40%","90%","40%","90%","60%","90%","60%","90%","60%","90%","80%","90%","100%","90%","100%","90%","100%","90%"
"Latency, error rate, and throughput SLI/SLOs are actively monitored for 100% of Nebula-owned new services","Nebula services are production-grade and operationally mature","FY26.Q4","Nebula","90%","80%","0%","90%","0%","90%",,,"0%","90%","0%","90%","0%","90%","0%","90%","0%","90%","0%","90%","0%","90%","80%","90%","80%","90%","80%","90%"
"NetBridge API built and made available to at least one OpCo","NetBridge is adopted across OpCos as the standard integration platform","FY26.Q4","Supernova","65%","46%","0%","0%","0%","0%",,,"0%","0%","0%","0%","0%","0%","28%","78%","28%","78%","46%","65%","46%","65%","46%","65%","46%","65%","46%","65%"
"Soft capping capability is introduced and can be triggered against more than two MNOs","NetBridge is adopted across OpCos as the standard integration platform","FY26.Q4","Supernova","84%","86%","0%","0%","0%","0%",,,"0%","0%","0%","0%","0%","0%","37%","70%","37%","70%","86%","84%","86%","84%","86%","84%","86%","84%","86%","84%"
"Integration with Telenor complete and actively used by SIMOnline for >80% of lifecycle interactions","NetBridge is adopted across OpCos as the standard integration platform","FY26.Q4","Supernova","88%","83%","0%","0%","0%","0%",,,"0%","0%","0%","0%","0%","0%","77%","86%","77%","86%","83%","88%","83%","88%","83%","88%","83%","88%","83%","88%"
"Maintenance Mode is validated and formally signed off for production use","Operational monitoring and maintenance controls are fully production-ready","FY26.Q4","Orion","100%","100%","0%","0%","0%","0%",,,"50%","85%","50%","85%","60%","85%","80%","100%","80%","100%","90%","100%","90%","100%","100%","100%","100%","100%","100%","100%"
"Platform performance dashboards are live in Grafana and used for operational reporting","Operational monitoring and maintenance controls are fully production-ready","FY26.Q4","Orion","100%","100%","0%","0%","0%","0%",,,"50%","100%","50%","100%","50%","100%","50%","100%","50%","100%","100%","100%","100%","100%","100%","100%","100%","100%","100%","100%"
"≥95% of Request Manager queue issues trigger proactive notifications to ZeroGravity","Operational risk is reduced through improved visibility and early incident awareness","FY26.Q4","Zerogravity","100%","100%","0%","0%","0%","0%",,,"0%","90%","0%","90%","0%","90%","50%","85%","50%","85%","50%","96%","50%","96%","95%","96%","95%","96%","100%","100%"
"Top 3 operational pain points are validated with Operations and quantified","Operational risk is reduced through improved visibility and early incident awareness","FY26.Q4","Zerogravity","100%","100%","0%","0%","0%","0%",,,"0%","95%","10%","95%","10%","95%","50%","95%","50%","95%","95%","97%","95%","97%","95%","97%","95%","97%","100%","100%"
"Critical SNYK-identified vulnerabilities are reduced from 27 to 0","Platform security risk is reduced by eliminating known critical vulnerabilities","FY26.Q4","Polaris","94%","100%","0%","0%","0%","0%",,,"0%","0%","59%","55%","59%","55%","59%","47%","59%","47%","59%","47%","59%","47%","100%","94%","100%","94%","100%","94%"
"100% of reporting services have confirmed ownership and a defined disposition (retain, deprecate, or transfer)","Platform security risk is reduced by eliminating known critical vulnerabilities","FY26.Q4","Polaris","100%","100%","0%","0%","0%","0%",,,"0%","0%","29%","73%","29%","73%","23%","27%","23%","27%","23%","27%","23%","27%","100%","100%","100%","100%","100%","100%"
"≥2 services are delivered into production using Nebula scaffolding and pipelines","Product squads can build and operate production services with minimal dependency on Nebula","FY26.Q4","Nebula","85%","50%","0%","85%","0%","85%",,,"0%","85%","0%","85%","0%","85%","0%","85%","50%","85%","50%","85%","50%","85%","50%","85%","50%","85%","50%","85%"
"Median time from service scaffold to first production deployment is ≤1 working day","Product squads can build and operate production services with minimal dependency on Nebula","FY26.Q4","Nebula","85%","50%","0%","85%","0%","85%",,,"10%","85%","10%","85%","10%","85%","30%","85%","40%","85%","40%","85%","50%","85%","50%","85%","50%","85%","50%","85%"
"≥20% of WL services registered in service catalogue with ownership and on-call metadata","Product squads can build and operate production services with minimal dependency on Nebula","FY26.Q4","Nebula","85%","100%","0%","75%","0%","75%",,,"10%","75%","40%","85%","40%","85%","100%","85%","100%","85%","100%","85%","100%","85%","100%","85%","100%","85%","100%","85%"
"≥5 Nebula-owned or shared repos delivered exclusively through native GitLab CI/CD pipelines, replacing legacy CI integrations","Product squads can build and operate production services with minimal dependency on Nebula","FY26.Q4","Nebula","85%","100%","0%","85%","0%","85%",,,"15%","85%","15%","85%","15%","85%","15%","85%","40%","85%","40%","85%","60%","85%","80%","85%","100%","85%","100%","85%"
"≥30% of services report quality metrics","Product squads can build and operate production services with minimal dependency on Nebula","FY26.Q4","Nebula","80%","100%","0%","80%","0%","80%",,,"15%","80%","15%","80%","15%","80%","15%","80%","15%","80%","70%","80%","100%","80%","100%","80%","100%","80%","100%","80%"
"RPM UI, BFF, and Public APIs are production-deployable across environments","Production-ready Rate Plan Manager is established as the single source of tariff definition","FY26.Q4","Interstellar","80%","62%","0%","80%","0%","80%",,,"0%","80%","37%","80%","37%","80%","37%","80%","37%","80%","50%","80%","50%","80%","62%","80%","62%","80%","62%","80%"
"Rate plan data is exposed exclusively via versioned, read-only RPM APIs","Production-ready Rate Plan Manager is established as the single source of tariff definition","FY26.Q4","Interstellar","30%","0%","0%","80%","0%","80%",,,"0%","80%","0%","80%","0%","80%","0%","80%","0%","30%","0%","30%","0%","30%","0%","30%","0%","30%","0%","30%"
"Users can list, search, paginate, and view detailed rate plans in RPM","Production-ready Rate Plan Manager is established as the single source of tariff definition","FY26.Q4","Interstellar","20%","20%","0%","80%","0%","80%",,,"0%","80%","0%","80%","0%","80%","0%","80%","0%","20%","0%","20%","0%","20%","20%","20%","20%","20%","20%","20%"
"Accounting records received from BFX are collated and stored within ±1% of expected totals under production load","RASP operates reliably in production as the platform for live OpCo traffic","FY26.Q4","Supernova","94%","91%","0%","0%","0%","0%",,,"0%","0%","0%","0%","0%","0%","91%","89%","91%","89%","91%","94%","91%","94%","91%","94%","91%","94%","91%","94%"
"99.99% of accounting records are acknowledged and passed for processing within 2 seconds of receipt","RASP operates reliably in production as the platform for live OpCo traffic","FY26.Q4","Supernova","96%","96%","0%","0%","0%","0%",,,"0%","0%","0%","0%","0%","0%","90%","86%","90%","86%","96%","96%","96%","96%","96%","96%","96%","96%","96%","96%"
"RASP meets agreed production resilience and disaster recovery SLAs","RASP operates reliably in production as the platform for live OpCo traffic","FY26.Q4","Supernova","72%","65%","0%","0%","0%","0%",,,"0%","0%","0%","0%","0%","0%","52%","68%","52%","68%","65%","72%","65%","72%","65%","72%","65%","72%","65%","72%"
"100% of Arkessa traffic is migrated to RASP via the RADIUS interface in production","RASP operates reliably in production as the platform for live OpCo traffic","FY26.Q4","Supernova","48%","66%","0%","0%","0%","0%",,,"0%","0%","0%","0%","0%","0%","66%","47%","66%","47%","66%","48%","66%","48%","66%","48%","66%","48%","66%","48%"
"Konax application is live in production and accepted by the customer","Revenue-critical Kieron customer commitments are delivered in production","FY26.Q4","Orion","100%","100%","0%","0%","0%","0%",,,"80%","100%","80%","100%","100%","100%","100%","100%","100%","100%","100%","100%","100%","100%","100%","100%","100%","100%","100%","100%"
"100% of relevant production requests authenticate using header-based tokens","Revenue-critical Kieron customer commitments are delivered in production","FY26.Q4","Orion","30%","20%","0%","0%","0%","0%",,,"20%","90%","20%","90%","20%","90%","20%","50%","20%","50%","20%","50%","20%","50%","20%","30%","20%","30%","20%","30%"
"Axione application is live in production with successful customer transactions","Revenue-critical Kieron customer commitments are delivered in production","FY26.Q4","Orion","90%","95%","0%","0%","0%","0%",,,"25%","85%","25%","85%","25%","85%","25%","85%","25%","85%","95%","90%","95%","90%","95%","90%","95%","90%","95%","90%"
"Improved error messaging for invalid data formats is live in production","Revenue-critical Kieron customer commitments are delivered in production","FY26.Q4","Orion","80%","0%","0%","0%","0%","0%",,,"0%","80%","0%","80%","0%","80%","0%","50%","0%","50%","0%","50%","0%","50%","0%","80%","0%","80%","0%","80%"
"Packet core, HSS, and AUC functions are validated and formally signed off for production use","The Nokia 5G core is validated for production and ready for controlled platform integration","FY26.Q4","Titan","60%","65%","0%","0%","0%","0%",,,"0%","0%","0%","0%","0%","0%","40%","65%","40%","65%","65%","60%","65%","60%","65%","60%","65%","60%","65%","60%"
"Core provisioning interfaces are available in production, with 100% of defined API touchpoints accessible in staging","The Nokia 5G core is validated for production and ready for controlled platform integration","FY26.Q4","Titan","50%","60%","0%","0%","0%","0%",,,"0%","0%","0%","0%","0%","0%","35%","80%","35%","80%","60%","50%","60%","50%","60%","50%","60%","50%","60%","50%"
"Subscriber creation and basic data services are operational in staging, with at least one live SIM supported on the Nokia core","The Nokia 5G core is validated for production and ready for controlled platform integration","FY26.Q4","Titan","100%","100%","0%","0%","0%","0%",,,"0%","0%","0%","0%","0%","0%","40%","75%","40%","75%","100%","100%","100%","100%","100%","100%","100%","100%","100%","100%"
"≥8 customer users actively use the platform during beta","WL platform authentication and access are proven reliable with real users","FY26.Q4","Zerogravity","100%","100%","0%","0%","0%","0%",,,"0%","85%","0%","90%","0%","90%","0%","90%","0%","90%","50%","93%","50%","93%","75%","93%","75%","93%","100%","100%"
"≥99.95% of authentication attempts succeed during beta","WL platform authentication and access are proven reliable with real users","FY26.Q4","Zerogravity","100%","100%","0%","0%","0%","0%",,,"0%","90%","0%","90%","0%","90%","0%","90%","0%","90%","80%","97%","80%","97%","80%","97%","80%","97%","100%","100%"
"100% of active users accept Terms of Service before platform access","WL platform authentication and access are proven reliable with real users","FY26.Q4","Zerogravity","100%","100%","0%","0%","0%","0%",,,"0%","95%","0%","95%","0%","95%","0%","95%","0%","95%","80%","98%","80%","98%","90%","98%","90%","98%","100%","100%"
"≥90% of beta users successfully log in and access SIMPro5","WL platform authentication and access are proven reliable with real users","FY26.Q4","Zerogravity","100%","100%","0%","0%","0%","0%",,,"0%","90%","0%","90%","0%","90%","0%","90%","0%","90%","50%","96%","50%","96%","90%","80%","90%","80%","100%","100%"
